"Ноутбук LENOVO IdeaPad 1 15ADA7 Cloud Grey (82R1007URA)",15999
"Ноутбук ACER Aspire 3 A315-23-R2D7 Charcoal Black (NX.HVTEU.03M)",16999
"Ноутбук ACER Aspire 3 A315-56-33RX Shale Black (NX.HS5EU.02R)",18999
"Ноутбук ASUS Laptop M515DA-BQ1255 Slate Grey (90NB0T41-M00C20)",18999
"Ноутбук LENOVO IdeaPad 3 15ALC6 Arctic grey (82KU00GNRA)",19999
"Ноутбук ACER Aspire 3 A315-58G-30KH Pure Silver (NX.ADUEU.012)",20999
"Ноутбук LENOVO IdeaPad 3 15IAU7 Arctic Grey (82RK00FARA)",21999
"Ноутбук LENOVO IdeaPad 3 15IAU7 Arctic Grey (82RK00FARA)",21999
"Ноутбук ASUS X515EP-BQ657 Transparent Silver (90NB0TZ2-M00HX0)",23499
"Ноутбук LENOVO IdeaPad 3 15IAU7 Arctic Grey (82RK00FBRA)",24999
"Ноутбук ASUS Laptop X515EA-BQ1190 Slate Grey (90NB0TY1-M034X0)",25999
"Ноутбук LENOVO IdeaPad 3 15ALC6 Arctic Grey (82KU01SPRA)",25999
"Ноутбук LENOVO IdeaPad Gaming 3 15ACH6 Shadow Black (82K201N8RA)",28999
"Ноутбук LENOVO IdeaPad Gaming 3 15ACH6 Shadow Black (82K201N8RA)",28999
"Ноутбук ASUS X515EA-BQ3226 Transparent Silver (90NB0TY2-M034V0)",28999
"Ноутбук ASUS X515EA-BQ878 (90NB0TY1-M14240)",28999
"Ноутбук LENOVO IdeaPad 5 15ALC05 Graphite Grey (82LN00Q7RA)",29999
"Ноутбук LENOVO IdeaPad 5 15ALC05 Graphite Grey (82LN00GYRA)",32999
"Ноутбук LENOVO IdeaPad 5 15ALC05 Graphite Grey (82LN00GYRA)",32999
"Ноутбук LENOVO ThinkBook 14 G2 ITL Mineral Grey (20VD0009RA)",34162
"Ноутбук LENOVO IdeaPad Gaming 3 15ACH6 Shadow Black (82K201NBRA)",34999
"Ноутбук ASUS TUF Gaming FX506LHB-HN324 Bonfire Black (90NR03U2-M008H0)",34999
"Ноутбук ASUS TUF Gaming F15 FX506LH-HN236 Bonfire Black (90NR03U2-M006F0)",34999
"Ноутбук LENOVO IdeaPad Gaming 3 15ACH6 Shadow Black (82K201NBRA)",34999
"Ноутбук ACER Nitro 5 AN515-57-57ML (NH.QEKEU.004)",35499
"Ноутбук LENOVO IdeaPad Gaming 3 15ACH6 Shadow Black (82K200XJRA)",35999
"Ноутбук LENOVO IdeaPad Gaming 3 15ACH6 Shadow Black (82K200XJRA)",35999
"Ноутбук ACER Nitro 5 AN515-57-5423 Shale Black (NH.QELEU.00C)",38999
"Ноутбук ASUS TUF Gaming FX506HC-HN004 Graphite Black (90NR0724-M00NU0)",39999
"Ноутбук LENOVO IdeaPad Gaming 3 15IAH7 (82S900U7RA)",51999
"Ноутбук LENOVO Legion 5 15ACH6H Phantom Blue (82JU00BPRA)",54999
"Ноутбук LENOVO ThinkPad X1 Fold Black (20RL0016RT)",73502
"Ноутбук LENOVO Legion 5 Pro 16ACH6 Gray (82JQ00F8RA)",77999
"Ноутбук LENOVO ThinkPad X1 Carbon Gen 10 Black (21CB008JRA)",110516
